wallet,balance
0x000e7be03f9adbc5065396a09e1b6ddc9da5a8bf,1
0x006c4919ce794fdcafffc8f23b7b636fbf88aa56,4
0x0195d94b74436ed0d10985cfe678f9b260da6eee,1
0x019b18b4a3d17b457013b489a1e65ec529e7b917,2
0x0270c97c2f77339db02e8a22319a443f09d33577,1
0x02a9ef8d118bbb3e396910fa7889a7c410507a3e,1
0x03192e7191bffd65b2a158fcd91389ee73b01f19,2
0x032ea57a9c9036a91172618c941cef8f19ac3f52,2
0x056d8b882b00a268fc4e757305b5e433732160e1,5
0x059d6ff84d51986084a4d4e7a1ebc9afccc1cc47,1
0x061d11d7764c685bc9f5ecc77246f38376c4d342,1
0x06287c6900e1e046f94ba831a0a0a5435ccadc00,3
0x06603aa31616a24dde51c942b86993528fba6482,1
0x074c587cfe4b243d86830b940daef9343205e7ec,4
0x0772f10e1ba8ecc288fb5c208d7eeee09f6615ef,1
0x085ff706e63a62dd42e2f41beb10f315c8102f4e,1
0x091555c866adfd35c845bd7cc20d5fe4766e9cd5,1
0x097edcc344299a909296a757684621b261ca4f7e,4
0x09f1c0efbd53c5153a87856fd85ba9cef0c8b6b2,1
0x0aa055527685a6ee719bd75949ba5943527e8277,2
0x0af1b9393eaab2d778f9a9a643e99b920baa3167,1
0x0b33a74e7fb2c5e20c7082c9a7ab9b2033621142,2
0x0b63c8bba5e2ec98dc8ee79f2a55fe397e93bcc5,2
0x0bc59f186d5f4989a72815286bf155331d45bcd5,1
0x0d50ca263c01ba47f37d6e3393ca0aadd8fd05e0,1
0x0dda37d486cd4dd8162c9df62fe8d81cbd6300ed,1
0x0ddb92119f32ae8b49b4143e404d023edbc4a5c8,2
0x0de99da57d26193586e5f49866b32d080d5d801a,2
0x0f3bb7eda762a325b96ce0e9a266a58c6d0291ee,5
0x0f3d2c90a279b7479ae7f07a6c22f17abb7b08e5,1
0x0f56205f3c9264fdab77e28523137fbb478c2d7a,1
0x0f78bf8abc5f4b23ef93996540f6a452244ff940,1
0x0fbf5b87bde5b99906a0a80f7a5efc64ddd2a4c3,24
0x0fd70f4b39692e47ac5dc704e323387694dbe62f,1
0x10100d5a6bd1c05b90ec260bf3033d46d9c14c15,2
0x1025dab0d8fc4d93e8866cef75852f9546d69e1c,1
0x10e2fa0a1b05a6dae78a63d47ba1f40f3cc03adc,2
0x10f97b63a7644d8f1c2c63e4f5f682cca28abc92,1
0x115e724553fcf5a264b7534ba2fed29fd2047098,1
0x117679dbd796cbb79edd6f695e104db31450c32e,1
0x11a52ae4d4e6d076f895ebc213d7600240eec6b0,4
0x120f21dc0a4a77dc8aadba95a38741315d2417c0,23
0x122759947dae72f0835bd93992c89f8cfc4286f1,2
0x12486a011110dd6b77dadb7ac07f84ba2dd9000e,2
0x127c8b2b02b79e3d3086e9e494de359286fad352,1
0x1297ae1fc1758e3820cd55d3379eb812ff6430c2,2
0x1350d6abf2a5551f1aa72c02338eadb96d56aef1,1
0x135d022ead508d642e6adeca8ac709c32995ffa4,1
0x13753159518417930d9061340f7ae582116d8daf,1
0x1375ee9c5e1212e3e8237b072cdb23a4939e7b8d,1
0x156714b0a23dad61903d4dcfd3a021377af322ff,1
0x15e71e54b534856eb4dc2bc1e6b168494e2c71eb,1
0x15e77b261b0f22090c8420e88f537e8ee4714143,2
0x1615f596f08fa14c65237d3dc8b50e24e6fdb9f2,1
0x171472353816658c4399e57102be08e7b3908823,2
0x1719005464ef54d27ad42346fb62d272a171f80b,1
0x178471a47ad869bfedbd9172afe7f97c66cf16ac,1
0x17e2b7bea6a4852681240ff22b66e9f1ba4da883,3
0x17ef2d59475cb2fc4423be52f4673710a744be83,2
0x19249b0ed3e23b213814e40a0a4006f307f35f04,2
0x192628f06cd0395cb98c9d3aff68e4b1cb437bba,1
0x19b1b26dbf1ca037586ccb9c4f6b07b53c658789,2
0x1a53572c6b2ff76dac68add68ff4854a7c540452,1
0x1aa4730e6c922013886a449ca5e5a018c85372b7,1
0x1b00ef97fc11e8f086e7e5809ec7054b69a82ec3,5
0x1bcd177cb509d722207cd8c111f8e4552ec39248,1
0x1bea638c22de532e2860aef5b40af564ba827def,1
0x1e299e4b3b4f0a81ee8f1125ab7210d0b7b06ad0,4
0x1e62cc08c6584d88a3d3007ab5f699238b6cb4a7,1
0x1efd24ead7b6e19b476924ce6c491c30b6357fc5,1
0x1f01052cfd8dc53b0140cb5a2c006ac24097a5a3,1
0x1f1cc21db6cb3c03456ccdb98748847d533b782a,3
0x1f6972d5a57c42a8e90e23587c74d147717cc225,1
0x1fc3c27f292eb275dc53077e8a039e4e319afef4,1
0x20464f199a94c5cf168707adbae456d10fe04bdb,2
0x20842d31d962801b479ad9ad3ec15c86413fc0be,1
0x20d59df1e1671f206d8c7e0278d41111a5d53548,3
0x21219ae12053ed4dfec7200c478a1b858d3ecd61,1
0x220810b826d6a7b650773421c83492cce45d9518,1
0x221308bd557212864445f66750993391e3e13bf7,1
0x225c3105cc74eec73df716628cd208db90cbe5a9,1
0x22cc55b6a7c95501f74c183841f6df27a1d64805,4
0x23396717d12e93f24180205dd7fe07f0207f9919,1
0x237ac1b67c94bdd7a5903e8a455937f7b22e30bd,8
0x248ebcde198d318eff19ee4d62a232cf5d68b794,2
0x25037808ff1fdb04e07d286f25e6c629a34c1eec,1
0x255f2007426f9f24bfa09e51ca41f8509865dbba,2
0x25ffb960985e48e1d87107e4bab6be40a6ead684,1
0x283f0f4e311845b81dba2505d5b49a8f1a78ef36,1
0x289e5f13a394fe17f92bbf4ca1d2cbbfbbfd3fd2,1
0x29228c40cae097dea01d6683881a56689ebdc077,1
0x292cd7e32c6a12be6d668d437761c591835a3c4d,3
0x295e3862a1064a49f2a8896c124cb45eeb577bb9,2
0x2a969228117ed8e034bff53c821f232f61fa1cb8,5
0x2b22f14eff994c7031eb24b93316e42a6d03ca6b,4
0x2ba775bcc9e89fb5d273ff805150a153370b91ea,12
0x2c0ac88f60c4e7d80f87f2e8fdc89e633f8a6e18,1
0x2c5f511ba9321e48646885fc4dbb4a284b29c3e6,1
0x2c6863e7692b28b68e2b365919b4a48b1eddc2ba,3
0x2c8535927a7bc415cbfea3eead7c204cce25ed65,1
0x2c9df633bb0db5873665ccf6762b984f4a9f5d47,5
0x2f408c1ecd5cd27da7e18e57242d6762b7bc44ef,2
0x301b784b80e1fe9ec7c0ae576ad5aa8bb4b75b2d,1
0x302c22ed65f9e7663b49e9146e5f935aaf3914a0,1
0x3031d65b35f130eb2ab85f849c69023477b8cdb6,1
0x3054db849de7a105aca2cdc42d564243f1ed4f37,1
0x31b8bcd1ac243625be07f0698fd52d832d58fed5,1
0x3226480e811eebf8ee1d929251d000376c35fa12,1
0x32e62e30f4c2e93b2d458c99d01e6a129b0da931,3
0x339fb8b49c985a4f2bd4bd7925f4e013c84664f2,1
0x33c67c0bcf6c271fcd44cc73e46ab9e6ff70b495,1
0x344621c5ae18e9493cdc5e096965bf80277dc530,2
0x350a903a4085e6955983276c266c1a60efdffc99,5
0x35bb2017051380ffe687b2943454952048e38680,1
0x35c2418616de69ff71b9914e3e5ab751e2770dc5,25
0x35eb106c1f781fee54bd8461d52dac80a98eb2a8,1
0x3618213cf3d4d4bbf15e67c0c5fa01813d277e2c,1
0x365c76365b7cce5461454438400ef3822f03a07c,1
0x3674634a1c5ff4d4887c54a8b614ac5bfe809e50,1
0x36f5d91c1e84aa749a0d6d97cab65ef90b645179,3
0x3700c8d1eff8c4a7295a27a3e53057887c6986c9,2
0x37c511199ed73e2d832db553f11297c9f6af6ba7,1
0x37e1df9ad9fbd89a7b96254b3b39d2f0f07af5bf,1
0x380add2dc2e8f901fda85b076ee37ae9ad4dfdbd,2
0x383ccd9479049736c7f1cd54f6eca484be41499b,1
0x3917e7f28acfa1dbbaad7f163c1ba40dd5ed1825,3
0x393a5af563844bab77ce7cd4a170b3a2bbdbd500,2
0x393ebc437a8238bd068461fe80af98e3e85feb8b,2
0x3975493ed0c047c71e1268b0d35009176f5155a6,2
0x3996049ca8b5ad346f0277e9ced558ca3cad565d,2
0x3aa6b206d87f86f29114a3404ae643f701ced09f,6
0x3b296b2102d443a5c51d338409b0082da3e23574,3
0x3b49a5df1e47550f5b35611a0ab08fefac509101,1
0x3d74181b3723cd9e6864e4bd567a03c64c3d1a08,1
0x3f62a2b24879439930846d386fa868923fc4fe1f,3
0x3f7632c7d8a6022b45bc60c8bb2b66d79e7622a9,1
0x3ffcbad3084cd5e5158bb11dc138e9e8bece1d56,2
0x40603ee28d970453f4fec01a1237ccfe6147197b,3
0x41344717b5f63e7d9ca8503678c85a67c5e17399,1
0x415fdc188681339bf786371b9aba8ab7a3435075,1
0x4164c4c502ece60577f7a22bef143d5ec433679b,1
0x416bc9c355b5db2528c9b3bf984a3c9041b878bf,1
0x417f007434bfc42893df429ecfcbdeea4bd4ef69,1
0x4189546d49838fd9e2b8ba117bfce8f17b881b4e,2
0x418a983fdff31d5b4a2196d14604a01eb52dc5f6,2
0x42162ac9ff6222a5f11553d2c7eed4520040b5a1,1
0x4253e81412e817e8fc2736ee454f9534f8ad19d1,1
0x42df74b5a0058040bf2840d74842767fdb13f51d,2
0x430e9b741b583a99e7f0ff4fd8ca8583f477ec37,3
0x4366d9b0d3b421bf0ff70d2919fc9931e29b0fb6,1
0x44234fd9c5c8aaa568fb774dee0b1c3791e7cd08,1
0x45220f4359052159c27eb2c41f1b334b8374424d,1
0x4535fe89732cda9bdebf1c0739f2e5e82780c48e,1
0x453f1bc42f7b09a739bed8272b8e4c28e9b4de70,3
0x4605ed5eb12cd5d08d24d6ab0ea6c30acf9f2020,1
0x46623c030d36d6199150951e0863b37729d1782e,1
0x46cf489da970d0329682fd0ccaabf0fdcb228caf,10
0x471ae311d20f4813df5abd31ba7bd0e2b5365e4f,1
0x4723bed258b1b127eaaebfc7e97f53de03167cc4,1
0x4738567babb1869925d64f87350fb9ae55c3782f,1
0x47f9aeeb7c31826bbcb54fa64784cc2ca7932460,2
0x49932122cf85a08c1fe9cf874f8902b45c067cfe,1
0x4a542ec21b972d2551b9b36e77b311a342c9d466,2
0x4a85dc63e5140becb8a4c297cd50f2da3fa7444d,15
0x4a91f2843ff67d56e019b1b283069264557a614b,4
0x4b270f715d70c81d8d1f8ca21de137517a3664cb,2
0x4b292b727de2ac34d04f9560d9ae3a7f271d8032,2
0x4b949441f933f9944e7201d355ce6d96dc588e0f,1
0x4bfba6680235d122c9bf9fd1990dcf125c8564f5,1
0x4cb3fb9e857fb02632ce5a34af9d015a2468416d,2
0x4d3a0769e4580ee8d83d21dc146189a4ca36abe2,2
0x4dcdd7b66212fd36784efb95aaaeeb11edbfc6b0,1
0x4e83dbe00b3fc0f2a65b29d6f8894e81a1fd4cd7,1
0x4ea6107508f233a37d1d08d062cb61e7b8707ce7,4
0x5021b0826c0df32ba4f47e2d4671aa34094cc26a,1
0x5083f2f002e0971292b2e0184a32fc3ec1dfa3fa,5
0x50f83bb5d1f71da3809aa962c65e92a2a7722933,1
0x51ca8086b07fee505825090687a865a2f67a5211,1
0x52429386f0142e69cc2c43e3268461dc99ed01a1,4
0x525b3276b5f246ad2c964ce4992db2e01270c44a,2
0x52fd271671530b8a1fdbf6b8eb0d8ddf62a31696,2
0x53527b460f7890652279bbaf5922654648bdc634,1
0x54c8f341ad8fda395a3327167f473f97fe25d9cd,2
0x5540e6c3d08cd7c97a2e5aaa7d2b6afeb5f48aa0,1
0x559355d188077514dfad3051d19c148c5f510162,4
0x55ccd6213770e0e41301792444a95f83c8db3f7b,1
0x55d682345319dc60db40fc408cc5199c7820769a,1
0x563c569c1197ac16532ee7552c6a2c472df6b2e6,3
0x57d3f783e06098bb08bf741db788f1f253d9bd0a,1
0x58029a1b3714eef93a08b146ed8e65300706af91,2
0x58b0d2a3e2d5de6ec0c8589f01c287a61d89137c,2
0x58e75ea3c2bdbcadddd7092ae795395164646367,1
0x590798f7dc3017fc225a39e4cb07d9e31d551058,1
0x590da0ce51064f10ba56d577c9032f6699b28da2,5
0x5911f060e03abe97e695a0a7d70356967c61f7d6,1
0x5952392e717924a0b47fc7280e720ccf3263dea9,1
0x599f0776d56a12d55eace641c3b47d7824d9c240,1
0x59b8e31d89dc938fd1dfd9fb59417ae7bee8551e,1
0x59c5bf5354adbef0afbd667296f288ad65e2ee81,6
0x5a685ae5dd186d673e3bd53c6e4eb79516ad0b85,1
0x5b1cdea2d35e84d8e7dc0780fc61a5150cce2305,1
0x5b7da3a8afdac640846fc1448151beaec3241588,2
0x5c06e6753198442bf63dda3e9af7daf95ea8e9d0,1
0x5d688068b321a07e846e2068f359716dd50844dc,1
0x5dd62fe6fb5adf8c6d3b651cc18d702254c20bc4,1
0x6038ebac73755793045bfa93a632c56d47259f6b,4
0x60aa8a09b6144117a3015ef62d8bf8baad5f3bb0,2
0x60c0e82f534b69c85cf177a1e54a73ef9f9746d2,2
0x61462e024289e72f1caf0e28bd6ef8b9ebc519ec,1
0x62ef1ba47875c716acf3820d10f4bc4e4d837592,4
0x62f463cc0e761ec7f958ac1fa99e7d336ac68e3f,9
0x6328bbf59ab7e48ed46bae9b9ebb1b40cbdc0d76,1
0x632c3673ae0f347850d5f3b9b90e5490dfbeb5af,1
0x6392c561e079937c894049c2204f1f439b0940b0,6
0x63e5c2845bd4d7ff42bcf6665b98c846d4b376a0,1
0x64013b5e3869a3ed9b0c1557ef5aa425bd2e9ec2,3
0x649c504450489c24478a4b2ac7761478020b9091,1
0x657f372960ad6d775c4552a3c57d4e7ce9b275ca,1
0x660d3939ce5d51fffb26f1e1fef399232676fa89,2
0x66276f77d2a44961f73c3be14c8587eb521d4102,1
0x669152c7f2808af9c31ab1470f88b295282c07c4,1
0x680a6eb83cabe6ac178b005b2f1eda5aec2cb432,1
0x681a3cd1c7bb1cb784a892b8b3a3d9f6c147c136,1
0x6866d5b11d018a49f6f054c0bc6927bcc4c8476c,14
0x68774a38142d6d8fd582d9d5b02521a8b0e54803,1
0x68c288d798ea5f27cf591ffa519af1a13693ea1d,1
0x68c8223908440b2d8efd0ed3bb486aea2f5cedf6,1
0x694cd849bc80f3f772ab9aef4be2df3af054dc6b,3
0x698c9eae3abc038831a837ca06203b31af648468,1
0x6a51e6d6a14b2c0641dbaced0bf22e90e33af4d9,1
0x6bf7b7e2f3b4e6cb1968c055de4bd185dc17fa44,2
0x6c5e28f2dd6c22a69ce9c340f9cbce0ad85d3bbc,2
0x6d0f9cdf4f3b25537d977b6565d69a36ec508bd3,2
0x6d530798b94d53ec9a0aa9deea84a321e7a0e944,1
0x6dba0646bc77afed91798a3cd57632b3446ae1eb,1
0x6e5bf4ca06c276a867e6dff8dc07202fe319122b,1
0x6e9f3a20e35c5712d20ffdf5ba6f9dfa2b52a4c5,2
0x6efc2653beab623a9b6ef89cc44f69ff41fa11ca,6
0x6f8e89ed20d265a88ca52afa54973e849eb5d7fb,1
0x72b28a430902433e8392dc433ab8945d03521f63,2
0x72dfe58a4d335828529aee177b2bc608479ac097,5
0x730bdd79938ba4bb5de94d350ab582fc397fdaee,2
0x7362eba6b283a304c22f69dc17998bba9b35aeb9,2
0x745d258caf37a79111645d5ddb0dea106bc8b6f9,2
0x74aece70b7a86b6bd4a204807c53eb5076faa409,3
0x75c54a9b8ab095d20584a83b372bfaa9b14180ee,1
0x75cfe906a8d1504ad1fecfd85ba938ab8343d5ec,1
0x7609d6c4e1fa8de15040da4723f1ac2839c925e5,1
0x76381db03dd8dc248521285b1a36c615a6fd6f1f,1
0x768ce234d1b1629c18d0286a6741d25ad297cb80,2
0x7715cff64f762f59e6c6e1a408ce592a262bbbe7,1
0x773405ca38cbed3796d25d71e6de34e3fe0e552f,7
0x7781b45306c2953e721479807ae8b3c2291050c8,4
0x77e8c7caf4171fe1d28243dfa148084e092b7943,1
0x7809032ac80875b24b70a3304061e2c333901909,2
0x78561ac59aa83d35f02c2983696291bd1ab55b64,1
0x78e91af330056a6ad530b515496b70d4f81910af,1
0x7901bfeb119adcc85f226f97642a1883f494608f,1
0x7907a3c290c72c3b65b4984d5a4f2d2730c2c146,1
0x7ab37e7cd064213cb0add34b2d8c473ac4a19a50,1
0x7b2493944c9512a308b219871ba187ed7a05ba89,1
0x7ba61ba2cf5dc42f02ef5d5faef43621c7448294,3
0x7c6a7b902fe762d34d917f4bc075c0564b3eac83,1
0x7c9505b687e1b431ee50bd9c7e236a5dc32d1fe7,1
0x7ce860caf42aae1a2094669bc367e9bf4f4074ed,1
0x7cfeda2b736bcf40334daab10c82f89d01d25666,1
0x7d842010e4d97808e2613ba4066965c462a80689,1
0x7d98743ae996485b65b4c5120493c87037be5f95,2
0x7e5084bd5f6e533264cc1e9673db82d26cf365c0,2
0x7ec09868385bf47f0a68fad13f9e37247e94f9e7,1
0x7f29f1df4e83b73896d79fd7ca8cf0deb7cf437b,1
0x7f44fe06175fe484e2ecc42e5cfbeaa37af9ac43,2
0x7fe13bdf19a6e2bd28f6b34d46a0187c6aa39e94,1
0x7fe9557a40bc065ed99ab7d03adf48b91aab4ec6,1
0x804404fe0582546481074b68b2776834cbee8591,2
0x80bd428ca68aaef46e4ad78b2c953103cca95d69,1
0x80e7f3f1c6d44b401ad2c4791a7fc938612858f9,2
0x8103e54247831647edd25493015dd9c8d40c1ce6,2
0x813bab68ad81b72b8215deb6042203f75a33d7e0,3
0x81777b3c70c57d642acf97501eec1f1bae844c86,1
0x81e4fb0c64bf49f89b57f6648562fc9a791b2e92,2
0x81ef342a9deb26c70d4ab7f0cb42a95c52c409e6,1
0x8312da347be713ff7a213adbbc78af8d09db2d3c,1
0x832d56792e9060ce53d066a60bcb8131abfb183c,4
0x83371139a4520781e290e45add0943b4a031030c,3
0x83623f14ba32cf35c0b6f02edc1b2fb2228e8585,1
0x83c551fe5c49aceb7d909cfb80945ce870b1889d,4
0x83daa2dec45f3e011f2b1acdbb1cda469915c6e5,7
0x848c65a8d2e70f77d7a96fa914efcfcd817058ef,1
0x8556e9525729e3654e3b8c7ce4854f6e750b8e9f,4
0x85e2dfe3d6b6333cd95b72a4a6ee8de5e4618d10,1
0x863ebe84ac272d97de9c6da4a9b8f9977a68e7f8,1
0x864336b6ed3d55cafd2247cdc5caa6c97984cec3,2
0x864a1a37d67e2430b783e20b63489446ada415fc,1
0x864e1dbb22421646d44d1fe47a29486dc81370f1,2
0x88064f883649a1a9a5874cc6a53f28edaa1db5e7,2
0x88f3e2cbe719798efcfc0ba645b0abda19be1ad9,1
0x895c60d1c84cf8f129b807ac7f4f4fc2c62304e1,2
0x8a717d311ae0e8d2d134ff0b3c8fbaf644c2e0c0,1
0x8a7a74ecf82edd816036e8a9192df4d38322581b,1
0x8a97929652f6d7e64564442374a58e8fa5a9857e,1
0x8ba4564c7590a0d6e6669ad59c080c0912f56887,2
0x8bf64598d23808f2af71d5f4132062899521a26c,3
0x8c4f5be9e849c8e8a32eba8a512426e3c52d8084,2
0x8c6bdf47be1f4be3c58e0c1c953b9f07ec0375d4,1
0x8d5c336059a677e7735ffa0be92067955f351179,4
0x8d7d3ee5030ee0c9c7c88d8a0e28b301fbe7673c,1
0x8e5a31f69ac4ec7ac235c5263edac729bd06d932,1
0x8edf080a7426252e37dff5a8ad2c3fa3d1099620,3
0x8f14957aab2b6d4eb80bfde91ba8fadb96c7d783,2
0x8ff1feef8d8769d2f882940acbcce93c659a0a0c,1
0x90e636abd462677a9d41fd65c62869de2e387376,1
0x90fdcd30fc336aa488d62a5d3958c2c4c4a4a47d,2
0x924371d8775dbce3b5de2bde54d7cfae3d3959f6,2
0x9244aebd55ee151b8c82f56319365c20051ca012,1
0x926eb0c95439b6596f033a750047ac9c108d1e37,1
0x92867afbc902bcca695c2772763096339f72325e,1
0x929c09e26d47e79d20373c08be423447908a3c39,2
0x92ad1f12a7a9389360dde40e4e0618826bb6c9c6,1
0x9317f66a2647efc4a222b353d2a17cf2ff0245f2,2
0x94221682d8a6c05ccf8db94eb70f8f8fe5efffb3,2
0x95005b01929d0cf877861a6b6ec4aa523f447c41,1
0x9599c20b20551bf71481411b15ba13cf06acb39c,6
0x95db7eac0014ec44a2bcb64c6bb54405cc23fede,3
0x962f171449d3dd573ffff59d34cc80e9f87c0e76,2
0x96595c67a0bce3da2e47399e5e35714d38a5328d,6
0x969dc50ffb5e309d0ed11d9da8447bd750fd16ef,2
0x9786534ba8b202723eddbf4fe3a958526c480499,1
0x981b62115e1e9f4874b9b061ab44596f5b620591,2
0x98594563351a744ee5692f11e45eadbc1c430edd,2
0x98d496cc55f71e34725026cd1d3edd2a472240ca,2
0x9929eb7889461ed7aa383f65992fcc1a0802db55,4
0x994d65d653814a54f6679fd4074fa9b83820bc41,5
0x99e028d5a34805d5901c7e3a3c7114094f3a4759,2
0x9abe818c92f105dcd0bd0cd92c5fe2049c2143ec,1
0x9ac98b3ce0a8b1598451b8d0a0fb539d2f1821d6,1
0x9afceccbd9f49099c7b6bd2f7a0ff3960f1dde13,1
0x9afeb551baa4851c05dac0a37dd60990f43803ef,1
0x9b06da941fcdfa0e3fa032c15e2dcb47454a6f15,1
0x9be38b0ff311394fa4b6bcd5f187638cd7ea616d,1
0x9c41ceec3d678554d2838cffb9687dd48cf8d737,1
0x9ca93fe74925dda64e7734a5ac0851ecd8ae0604,1
0x9cfaeddd2f6ac8ca16ce219573e98d65181a3728,2
0x9d830cf80ef76b047bd8e9ba23beebed22cf45d0,1
0x9db3f2c8cd0de3fb5bfa4fe28b335e167069b41f,1
0x9e315e9701908501f6dc68a2af6e28a20c75d970,2
0x9ea84274d17349840e4bac56d42c60e88a514138,1
0x9ed670208b79536bf3d1f1a364e4c1743317277c,2
0x9ed8b9ffaaa4270b6e83ee2b05990ec24287c797,3
0x9f179f91bf567bdf3572b541053e9a361e0c4163,1
0xa0e753cca2cb589c3f82e7a67a75dadb37eb762a,1
0xa0ef45d5c903cf434b7db2a92df14c3c56e2058a,13
0xa1d89551428d2d790cfdf4e5f6aa5589df5596a6,2
0xa212be7586081040927271812aa6bb37f67b80ac,1
0xa27e47ba348fbc0f284dd4d5a2e18cd2670f31c2,1
0xa42af3cfe26e5fa9b7766f63b15a68f686f18527,1
0xa45cd9a7685cd9926e59c14305e3af275f280949,5
0xa513c4bf1a647a696b42fc496de76681ba6c8c8c,2
0xa54f42e6a4f4d0d6fa48403ec80397e2fdcc8325,3
0xa578847a28857d0834cd36ec08c52792d3cfad1b,1
0xa5a3c2250e0aa3c01320001791579f1daf8f800a,1
0xa6943eb7c0697b2688ce17723b65fb34e85fa894,1
0xa6a826255361993e71b24ab792862529b8375ba9,1
0xa6cce796907630c0b13e41482f8a7874f8552a2d,1
0xa73c53e3bc151068ef676ca04c69bc11191e9093,1
0xa798c533cbc6d942e4a01edd5b1caba1b97db7c9,1
0xa9177a50e7d7201e6745c89e08aeb728ebaaa7d3,1
0xaa1d6169247dc28ac8f09b8c692b865aa423b06a,1
0xaa76bbe2e83006b4af31dff797f29c31611864b4,2
0xaaab32e95f9c86ad9cc5427832fcb35abf9ef255,1
0xaacfedf9b2c8fc604bf3590f71eab0c00ac440a2,5
0xab9905850f9f52155f245d4d31ccfad8aa564234,1
0xac011597d9877dfae90c8fb00cd026392a04ed71,2
0xad026aa3ba898bcc90a67b3c2dbf55072b9d0afb,4
0xad2945a6a2c1a5d1e42d3d4e7282f25763c7536c,2
0xad2e45398d5b708a902ae7179fe24cb922e6a92f,2
0xadd8402f19223bc2e4b8bbf19501cc75a82e2a7c,5
0xae7b0a32453e18ce51b45b6b904d6d2c13cdcb49,2
0xaf49dee0eb252baf0fe997e273454497795ac11f,1
0xaf4f7d4979880e957e5bb92a55da03ea3b0e3248,1
0xaf5ef5668e984f9d8f475529c7348b9809bfac66,1
0xaf64fa2fad976eeb07be41fb0606a1d7885ce49f,1
0xaf6f005356cd9ec6bc30ff463c30805aaaa990b7,2
0xb018c9356d2c4a81db0a5d41a4dc92c56b236afa,1
0xb01d99af907bec8f97c2d73a5ccd423924008b5a,3
0xb02698a3f24619ffa6adfaf0a3b9ed7c1719b951,3
0xb0555583f97de653b80b9101859e213c81e763fb,1
0xb0dd8474bbfd2e7a88aa2dc8d2c3b9265d5ed268,2
0xb11171351e638cb4b7c49ec52f9fda3ea1f363e4,1
0xb21b56690deecd9a5418bd253c32a37d4c3b722d,1
0xb2ea3889506327db2defb9554752d211f8e2a366,1
0xb379dac0cad9fb56edc503d467bd5e66ff6912b5,5
0xb37c8b60e48a11db23df8b08b54cbd315cf9c23d,1
0xb47631916f150b7179a2365b2ed1ffa0fe51f559,2
0xb54d377a2c27af3ef4dfba0671a9778f56895153,1
0xb5f6ce505ba333a1beff29a389f8f681fbc8d6a0,1
0xb69bc21dcb2905e1fac2009dbe5edea042c588ec,4
0xb6f8ec7dddfad00fdc815bca33915f5a0e63eadb,4
0xb89e08062734f4a576d6a7f184177040ae221e65,4
0xb8c1fa284d2f697201e361aea37adf99e7042271,5
0xb8eb2a04596e42cf5f78739317a5b1d709c36535,2
0xb8f657161bc707a5d9a6aa2412346e1fa608936c,1
0xb923ab2894ce6d8d05e3b33a591f62ef6969b9cb,2
0xb92cd6df01991ce1520c3f18106d9244ac649180,5
0xb9cb90f365bc9b1a808b62756326c85d772efb0a,1
0xbae939eafca5ed24d3d221ef3bec58037183166e,2
0xbaf15050e6c9f8ecf2a6ad15e26eb3074455ff90,5
0xbc68535d764a6edd5857fbf1459cb2b483a03bf6,3
0xbd5b2ddd37765cc70eb1e5247ff07ba8e6ab04ba,2
0xbd633640bd1a17e81c914034851ea8461ee2ddfa,1
0xbdcb6168b30ea7b6b4e3c32c2eff444047c320eb,7
0xbe5a42652e85999673b8dbf969c0e069f11372be,1
0xc072f1468626e83c93bbbb05b8c0a538ddb02684,1
0xc17040ca13579ce1357d3c9ee31bada3ef820430,1
0xc22c2d47ca0e6cdd2143b2dc06f6356c14ebe117,2
0xc2592b0129405e67b5437131797591bda6e4b3b6,1
0xc2bfc5ef157c9ed6b94f73c89ad6b3e5cee5cbad,7
0xc34d20affd764f61a22e929f7c4d95da5583d89e,1
0xc45ee357a258679df00f479e799c63ac9e4b6656,1
0xc68c1e7b73b6bee9f3da019ce0e004d2e17c2e2e,1
0xc697a8bdfa0b98fb4855067d0f42f53d6389e8cb,1
0xc69a7c205a6f82f41cedbd0f680020307d5bb444,2
0xc7ab60370a0379904be13e8168685acc31018343,1
0xc8440b23738edda708c530eb660157a00a4753db,2
0xc887959e93ee09d2ed9302d481da66d2d09baa4e,2
0xc8c49a3bf90f01b5f27c9c9d1a9e6681c621d81e,2
0xca395004ceb0a343a0f16ddffe20f714720817b2,3
0xca4f83d9dde39b3ed6284337a338d22fb4ee08f0,1
0xcb36f280aaaad177ac6d4a2196269d2cc714652e,1
0xcbcf09d37f38c18e458514104ce37066e7e9cee9,4
0xcbdabafc329764b8ba42b066108ad2cb3df75af2,1
0xcc10f06e3877044565bacebbd4b0b7cc6a40732d,1
0xcd94c0278fa640ce90328abf94b2ce0a93e7e5f9,1
0xcdfc50c809131c420974dfa173aec8cd6fb33d29,1
0xce3c3c290fae54384918248cc3e1460f6dc78d23,1
0xce51706a23bd42e5f440503a6fbe7a70bc5395a5,2
0xce6e680cc9c8ea89207f7f4a08701822b432b8bd,2
0xced423a6384407918905ffceb13312e4d64f21cf,3
0xced9f37d056588c141050a80914bcacb4396c67f,1
0xcee799015f5c6283fa8700e6f1aa8f9005a30cca,1
0xcef24d5443b3bb6d1a6ce382378f1c9ec22775cf,1
0xcf3ab3cb2131ac389f83a77ab05b42a3c09875a5,3
0xcfd85ac02ea3e51f9d4257940d2a1a0d7bf73041,1
0xcfe20dff0a8d1b58eaa9d47350af6bf2aeba3e6c,2
0xd030e1e38448d73760f3e39453812bc47f073eb8,1
0xd0475fefc094aa19a38172784c708761ab80ced8,1
0xd04ac826122658cb4a0c793fdd191653f6baf051,2
0xd0ba471bdcd1f2b53491a92f70da2191345e2256,2
0xd178c64a4d5b98358a7440ecc30f28be067b1cc8,1
0xd2d24fdbc9c30934ec1c5c9d91da2b4ff1a4be8f,1
0xd2e18c9521bbb1972ec6f06bb55a8222f9b5a3ec,2
0xd31ddfb2fae89dbf3cb10dbb1836758b2bd42dc1,1
0xd3ae199d4c7624a73b47292b0ad84ed66f4a6a2a,1
0xd3ea0e7b84836c06da39cb9648e719666e9285d9,1
0xd47f64e89f024b4d5e450f13796bdbdb9a462eb5,1
0xd5bfce4bb9dc16633536c44ab61c2a0cfc2f4abb,1
0xd5eb4373df6fe7644df32efa3b53b1cf76e5426b,2
0xd5ee3a0987c8a8c3dd76f238ec9355a638b2a58f,2
0xd5fea81f9520669477da32b814f01b13dd610820,1
0xd724207bf0e65587f99c7b4c84cba16a8757864c,2
0xd813cf7eb2e46d250845c5093c2ce3732530262a,1
0xd8c5e25a2f3d07b14a7bb76f016c3872854b2063,1
0xd98e085a3d3c980575268db579b0b4aeffa5c695,1
0xd9f6d1c4df0a93e57659052bff7397d24316cfd5,1
0xd9fc1f1c9c670003495fe428244ff8b874fd5ce0,3
0xdac6ea68a6bf34a972118398de4ee48d253ab4ca,2
0xdad85358e25e2680a757a027dbfe5ba49eee4135,1
0xdb0fc297a89e3334bfc5ff5c5bfb93d90fdb9099,1
0xdbccc8a4246444e7eb7166b2e7a8e2d9ace53ce1,1
0xdbf3f9705bf31dcf402b6c2b1dabd59bff2a0711,2
0xdc66324065e070516d965ebf8679e0f4d529d7ed,1
0xde63c5002477f3b07a73e038e0b35b95ca0e4250,1
0xe0c4a6989d0a79f48ec90f930665db6762820bf4,1
0xe13ece504c2589272661c86a2888cc77a8620e8f,2
0xe1b55d6e4d03750b9905da73b5ee56e891e6ccfd,1
0xe4773547c40225d5161bfa559d4ec9c6193f4295,8
0xe48552b22775fb6a51e114aa429f64aa8b5a4fdf,1
0xe4933d4c05e1ee7bdac4d826ea703daa156ecab4,3
0xe4f1ffb476d5c3d10b270988527f2bde649c3a15,1
0xe5434f974a49d38604319cb7093042523a9951e6,1
0xe6013fe896007cd6182384c8fd48aa6d88fa73ff,2
0xe615cb5a40e17b9249ac60a7464dc8bfa15415ba,6
0xe7035a14f0a5d00266a5b7f00f88422fd5b2a5c1,2
0xe706e6e877297e9a8bdf32acfe45c953f502f4df,2
0xe7075ad67e30743875c3025e36617e127b97f49a,1
0xe71c885424196463f2fdb22dfad0e51f570581b9,1
0xe770ab629c2d4949b78fd31fc9d496cf374dddc9,1
0xe7f1ccd15efe49e0a65e0f1f18acce4159f59ea5,1
0xe981ad5eabb7b84414a022842b3b855ebb530a2f,1
0xe998421958a5a8b99d7b58f87a28cbbfccb6376a,2
0xe9a83089c6b5af2a8d4d00dc82ccf23ca7d9cd16,1
0xe9c608d4fcdc06f15593a14fb4d4830476cc6599,1
0xea007dbaff8a352839b21cb1c408081a6c6eed7f,5
0xeaaf5487dc2bee98d261e19dd18cb350c82a2f43,1
0xeb2b92576a8058212079c06e646276b21970d4a6,2
0xec3f44e38b477298e09a396cab01b8d4ee8f9895,4
0xec5ba8c01b15820e11f601401c42cf3ed8b7708f,2
0xeddee1ba07d2bd9b3867c8cbab3eedbe3e62fb20,10
0xededeb617112e8da52294f12c1950a06cd5c2286,6
0xeeaf097a1976d25ebf297bd9f7274fc08bf080d5,2
0xf0097e14593e1d04e458c164b4d6300e736b4f8e,1
0xf044a4a88dc00c440ca2b55c8d6d012e6922a121,2
0xf046dd8dfc6d2abda3f466bb34b8c6ee5e5bdace,1
0xf0e3a43937106bf44570ca751d3c090d2af5865f,2
0xf174346e1dc6eb7daea62e25fb6091f64136aab0,1
0xf18e845dd7efcb37d1da3fea500590a64958307e,2
0xf2270c2983acb7d397cf30b8e69d7612290f0e63,2
0xf228c81a56b0e2e4e2c5cbceefe9c21d87184819,1
0xf2e8059c7dbbd68d59f45813b197bf6a24ad7d79,1
0xf36201629bef7dc74883d16997a24568408f8237,2
0xf3bdca5e6044a9388e1e56c1a5aeb2e54054d70d,2
0xf411794cd08db188d34beac480de0448274218ba,1
0xf479008dfd62096c6e718783a80a1a64dff40615,2
0xf4f1e572a194ae93883e222c3cf366313a748d8b,1
0xf583da57143efdc9fdc135d2e045b197723a73a5,1
0xf6e6edba8b81889ae997e73c4add6e2ddb7a903c,1
0xf779de58a21f3ef63966b0e78106eb8ea4fd781a,1
0xf813f7b4451405236f5d6921ca172cc76f19d3ec,2
0xf8993a24685f629d3988dc43fb9c7eb678db62e2,1
0xf8994059b3eea8d13247511afe0ad76f1807de1e,2
0xf8d47ae19aeb8c7b6e09582dfcf780ade9883688,2
0xfa15291e06107c84e5dbd82dba0e57bfbf48d812,1
0xfa57c23c3ab70c10ae2dddc4ccb93a106cec263e,5
0xfa951187d3521e5dbe8d734d9416f965413a0929,8
0xfaaf906bb6ec71f44d37998f9d95eb9292fabc31,1
0xfad33e34cb90092336b3df59971a194d522b1e57,1
0xfaf08029fddda8093e8e0657309795d04c5830c6,1
0xfb34c3fd94075a2f92c9932b16b00ed8b02fadc9,2
0xfb679c5a32a859e3e6f0ff9f159ed709ce63929d,1
0xfb91f63356ec0d876220eadbdd954a2bc8701190,1
0xfc1d8c52ade0e86e6bf49ee232533ce5cc025894,1
0xfc7118a4aa30e83c06d89fae930483e6004bc68e,1
0xfd04f840b5586f4d43de0260bfb9742e8f5faf66,1
0xfdb377f74d6a93999d1ebbf25145ef3bb6719f59,3
0xfe105ae13119b9063557d26d9e69574f9b30d8b3,18
0xfe27200952dab2cf1aec242dea422f26c9dce4d9,2
0xfe485a84dcd949e6e1d145f10f274fc5b29a4cf0,1
0xfe8ee59b65f0492e909abe3b2e9df78ef8b00182,2
